	X7316.475	X7316.487	X7316.206	X7316.1851	X7316.121	X7316.362	X7316.2581	X7316.3555	X7316.2193	X7316.485	X7316.175	X7316.193	X7316.167	X7316.196	X7316.77	X7316.875	X7316.932	X7316.869	X7316.2667	X7316.84	X7316.20	X7316.495	X7316.2899	X7316.3575	X7316.127	X7316.884	X7316.134	X7316.119	X7316.2729	X7316.176	X7316.2900	X7316.217	X7316.2723	X7316.397	X7316.2669	X7316.117	X7316.934	X7316.470	X7316.400	X7316.393	X7316.938	X7316.3561	X7316.459	X7316.472	X7316.882	X7316.957	X7316.3055	X7316.954	X7316.207	X7316.499	X7316.2663	X7316.267	X7316.368	X7316.345	X7316.2195	X7316.148	X7316.891	X7316.370	X7316.173	X7316.2154	X7316.925	X7316.2755	X7316.3062	X7316.3556	X7316.154	X7316.880	X7316.3570	X7316.391	X7316.162	X7316.2174	X7316.449	X7316.2167	X7316.488	X7316.2184	X7316.350	X7316.944	X7316.3068	X7316.183	X7316.32	X7316.168	X7316.344	X7316.442	X7316.1760	X7316.936	X7316.2664	X7316.332	X7316.2172	X7316.1767	X7316.329	X7316.946	X7316.146	X7316.222	X7316.186
HALLMARK_TNFA_SIGNALING_VIA_NFKB	4.412132003454769	3.610924073181102	3.47712541773888	2.2174173056964723	3.275229237217755	8.616899150336911	0.7953715793496198	2.8012100861844718	4.3770861290028735	6.503613829147124	7.526709866512709	2.735524161232001	0.3113487507953876	1.1075806478567363	0.8577668543777175	3.3903742011775333	0.8429904830652835	3.767070216651797	1.7192085161480406	2.7641159839562106	2.178001243572879	2.9778339513039054	0.11728046591968441	4.756864698719168	5.568582290415452	1.58461332505474	3.067393902268365	3.0731169628032693	2.5418492330577678	0.5856002712799857	1.2714053440677722	0.8731666632816314	2.0938222492726393	3.167231443917915	3.302050106263592	2.1893747196886344	2.771254134789514	2.3356922242943448	3.5145391607834084	2.055653683633292	1.4074720089947526	1.1943698458810517	3.685826522953321	4.70058335966847	4.348111575011834	2.855948442272751	2.409131152441734	4.3917958828371715	3.756445565630762	2.0290360330618284	3.5963773254910962	4.585815252095488	6.244610624805351	2.883601557342819	1.1529329402897694	1.8283889953895427	2.492195604154222	0.8127324614372944	7.658992134043493	1.665903894414804	2.7878182848237922	2.8875894893542093	4.4806149375702224	0.49228635311787544	9.430035973182305	0.9926505365884251	2.507105737418053	2.3477547650830526	1.875802216969563	0.46130983938166836	2.7378739058714547	1.9712552915562895	6.529421126587991	3.6170404477117604	0.8071993320974397	7.576144048926082	5.478432329326625	0.20730811865183418	2.74463673424622	6.927337510417407	4.505614056123161	1.8751419933990854	1.899275511918467	1.1110614984795384	2.9569294112087663	1.6484213364482818	2.577000940785352	3.6533768404996936	6.718827470348046	2.4285702890022405	5.554546097020406	1.1262626637675814	2.951917151354303
HALLMARK_HYPOXIA	0.8883640546419845	0.9009232429710418	1.1173072121824879	1.8241604457017488	0.6100321775686042	1.6423971073664756	0.1849498729320042	0.19757755084454937	1.3517108272658502	4.644747992381551	2.3889361720156144	0.3521926377456155	0.5063946559267234	1.4989037630760904	0.46694001462168944	3.76632788037254	0.7726888670819363	1.648218706096282	0.44932241510004467	2.80743080066584	0.6382554847528698	0.6654106157424058	0.5642330252930972	3.7015791869459163	2.7752940553761567	0.6102729962198334	0.856948221382391	0.43537700155517234	0.9044480126479951	0.6042410840971976	4.690602302499961	1.7122266058173186	2.8141096407015675	4.28498763032873	0.81812079793665	1.058840307779802	0.24728853217362454	2.844925643084778	0.22183043997012694	0.7856649395659988	0.5219820917634737	4.058169361585685	3.684716343970934	0.8520271508030477	0.5895050159709675	1.5999790719533964	0.737438028213658	2.3624958461682564	0.1991647220552239	1.2836483958322524	0.7135180939067004	1.3302532550901454	0.3053222482729464	0.2189137504109588	2.5570181187861203	1.9497729285016765	1.0688858618509656	1.3081075575916115	0.6026837269760733	2.923682596283129	2.423670404474284	1.0453828560487402	1.64938766914313	0.9550551482078344	6.649185196015643	0.9758312842507738	1.6703635806039188	1.4353785497229234	2.10812655880033	1.6981542076465108	2.3605848356794237	3.338718489446157	1.8565604520531505	0.345172181540229	2.2289981015016536	0.2782723476525814	1.0711581003888964	0.4087578049534816	2.355400559707245	2.24066317878134	0.8284566020324484	0.5759809716077205	0.5549463663375686	1.3585091168375396	0.9559481731150807	0.3645781073165661	4.71235616209629	0.6064363875420649	0.7722302272814001	1.4552562459170424	2.020015528358267	0.9982168065630388	1.10281306311902
HALLMARK_CHOLESTEROL_HOMEOSTASIS	2.81373353700025	3.0036512691658044	0.6099811353266679	9.738384131198945	3.605354118183857	2.4152783604649364	0.6292842041097575	3.990910018633943	2.5587592009146496	0.9748101940803551	6.45061113196813	0.500818016596383	5.375492199515202	0.6342515484559399	2.4616535365786247	1.0490141636436603	5.338163664169339	1.337436998890061	3.076081607977555	0.9885936926587511	2.1066800449502363	2.3898979816873878	0.16356548127703008	1.7787158494344397	0.701049882244919	0.6322955432684307	2.1885893590623997	1.902625108535139	1.2149229107835209	0.31731632341326865	4.357532139266013	0.9738354310164676	2.574282307333106	2.5432787836605795	2.8354396967926374	2.433316133605055	0.583169258042359	2.7230204138826113	1.6571785734545181	1.7056892600130433	1.8084592473552503	0.8010057735219618	1.5419869522996925	1.3920216924920508	5.954430203144974	1.7081312733188334	1.9894018066999832	0.5237731341838883	1.0326238360403346	1.053885365978645	0.6634905626508621	3.2113332477747822	1.3142103504814395	3.5137773327590853	2.0297350062007635	2.3597863303464566	1.103396611440951	2.1116673947709605	1.9804285304978662	0.2991891594919011	1.1124263839417219	3.5971437654290153	2.1101827526697017	0.6895149081392022	2.459129240547047	5.723705641675056	1.433723166567972	1.3959140269578523	1.5033294336938348	1.712191665521268	2.9144841436784144	3.3701624013619864	0.8712453266517376	5.393382668690588	1.6306299984574224	2.1716860352728555	1.362853874115419	0.7546165622197729	6.821086384916469	3.8291609307361982	3.286923779489514	2.640878810805624	4.444613924319861	1.6810522287692835	0.22851086115019392	1.517755145783319	0.9678969250830751	2.7566672277135122	5.8482931487409555	2.098803179847295	0.5976661492644337	0.7767361592489013	1.9343215901375777
HALLMARK_MITOTIC_SPINDLE	2.9750957200026753	0.6588925827851112	4.212935226188284	2.2314739621868123	2.521353387373684	4.7407035688542125	1.9727253811252543	1.4027953863471652	0.6959858823542159	2.5759466443635657	3.108827521046428	4.20423145480247	3.983810756612348	5.667511412791388	0.5770212869937106	9.143568519021889	4.380010375885344	1.9534150647493296	0.7924327927746435	5.61700422154597	0.8122972369221211	2.381841421498016	0.8181908852938483	1.5163106024362112	1.425005567959645	1.6043561787546234	3.04850971105926	4.622285840310806	1.1396726172775256	4.204276483303661	1.4551223931913697	5.212180852340252	5.839739713995401	5.317617861564606	2.3173063572240316	1.6852079399954127	1.5624666772445897	4.845414566412609	2.7097793047464154	0.6124201301470554	2.1455644828772407	6.530884351024707	3.881926636878187	2.970110335511023	5.549893816624851	2.365227617439496	1.0536627116480086	3.6637553902790487	3.6573814792031376	3.636910811857257	2.747697476680244	1.2157437471902157	1.305608190931855	0.8456433409683776	8.200318630209797	2.4376546465394027	1.681471300102609	3.1203604307045834	7.657233712424966	2.7966200359137754	8.739149954091598	1.5703283020414929	1.8338461543300084	2.999497888412262	2.103028503398428	9.12962434732501	4.977167672130768	1.9831239167929766	2.697773149575904	4.293697244564689	7.031393574841028	2.7078568953753592	2.223586852804197	3.10040134353368	1.5500037705100662	7.967816762219528	1.7437299394338268	8.61882751340054	4.337758229240654	4.243511751825326	1.0094120683931722	1.5042779154071644	3.477889269408887	1.3640679891361351	1.6590458610669694	1.7125419303729363	1.1295527357800996	0.9589065226551966	1.1904213439513363	2.66163364571359	8.453594986314922	0.729186280086955	4.4555363235311125
HALLMARK_WNT_BETA_CATENIN_SIGNALING	1.3255254371793346	0.7165206768578782	0.9954511246727895	1.0288133775839892	1.1850359326503035	0.5288470745050896	0.688288587800676	0.682713808117063	1.532055779965039	1.4417999162629664	1.552433167422428	2.0771494176275365	1.5395627118384556	0.8050833280477739	0.578895687318753	0.8413888873045644	0.6338288235825781	0.48245261819611907	0.6955161535390377	1.13990388475499	1.1746337407860368	1.1494341830183172	1.3179952398455412	0.7802899656957392	0.9726644268721574	0.20373636544083884	1.637597492339094	1.0108962264373116	0.6929772372053666	0.5652744988735746	0.7073517017829377	1.0907711480022284	0.5951970656262027	0.6257677546795544	0.7137085945282153	1.729702175928177	0.8274512447439036	1.1572844969629876	0.7141101512625	0.9505457036401349	0.6705481407170071	0.6317542637169716	0.8381561101687003	1.480553232771502	1.4967509495247433	1.1142572050875992	0.9419203418706831	1.1625159803100207	1.4111610197232245	0.2839184966870545	1.113672432361681	0.7659423102678345	0.4796296682552147	1.0832027985004777	0.646012249504248	0.6318541462776104	1.3775274250142018	0.3698207165313954	1.6913363336580987	0.31352952752622476	0.7826249456247558	1.1422616876319185	0.7887302478117224	0.9370181609693056	0.7498187913402983	0.7465344103482585	1.1260217586045542	0.6065141487271865	0.45697459002454843	1.19711443848286	1.9425830810621574	0.7682960167947438	1.9371409440438814	1.2430660662441622	0.4798866125454964	0.8640478154067353	1.102361233344763	0.6545340823722728	0.702374670058596	1.3824802744633673	1.5868897814520255	0.976003458422386	0.23235026041717163	0.5897481569956609	0.5091061738053687	1.1884995378541103	0.7091655080000895	0.7021952680916426	0.5268553243382664	1.0941857361674099	1.1795092878535511	0.3944499860060592	2.123298784029766
HALLMARK_TGF_BETA_SIGNALING	2.075149057848038	0.9481674612127583	1.7045075374932328	1.76224485351137	1.4966451826252556	1.9146917928403997	1.6587021975367309	1.0030565973056778	1.713485926695695	2.171697229436345	1.8917930298687875	0.4887439565595292	0.5816038250438306	0.31039228946280295	0.740104421838598	1.2478272614695662	0.8693083552693723	1.897396126817876	1.152610211327248	1.4327888022307445	1.364187123727179	1.1576433337654999	0.8434178683718594	2.456015161317642	1.3602717144920646	1.7811281544457274	1.8559608947959043	1.5592229285968369	3.276632956144572	0.47228226983542115	1.4873380214570002	0.1611919691517498	0.6500734758265212	0.552678310863133	1.8204160282489539	1.789279766920698	3.859423155071602	1.0940383268411542	2.194630096467259	0.9170853163299556	1.5631768660496725	1.1095112346891982	2.3411808338590485	2.3953759537415027	1.8737796384908874	1.2857133544810473	2.046351287745247	1.839796104148158	1.9200003344447492	3.2870881583242366	1.9260160562174533	0.7005359494870905	2.078186548597841	2.0995184585789954	0.4369802410665498	0.8012707224666444	1.8623047003430233	0.29653614149514085	2.0617974290685286	1.874785561133723	2.3425229644439676	2.4906269285666816	1.620658826773696	0.17219708441847056	2.591561593032487	1.5958177735827939	0.46526105483446895	1.3118115251799958	1.702995698096002	0.4760520393232496	2.209377789123914	1.0223966554331614	3.5808888665740546	1.38788476625906	1.723470262875112	2.818637269451878	2.4271146751928305	0.11460472288058716	1.6590285973817016	2.0835686658388073	2.2047620783364024	1.7044404891308504	0.9775673158382642	0.721213976839465	1.4359256300514034	1.8574367972990167	2.2444945876504474	1.6410287506408567	1.419717571006396	1.7704342997789944	3.0291674490621254	1.1228920903900315	1.4931056648570282
HALLMARK_IL6_JAK_STAT3_SIGNALING	1.9607977715813416	3.0202936565754053	2.832746904251293	2.750924144932253	2.790958129313723	5.587254968681835	1.3394946397305254	3.1876751228703455	2.1812197429772233	3.713120313108304	3.456196162106166	1.0003008494658712	0.916400246545687	1.133313683889634	0.8952879329782197	2.0141468403696003	1.5040604860547186	4.299496258308769	0.9251439202498527	3.3974491872847974	1.5087615610415548	3.4294417550132654	0.3171307540187458	2.4806898417640943	5.189308182478512	1.7787075587985228	4.159158961482977	2.565590205236247	3.9945634528724945	1.8357156630736586	2.992823666759716	0.5021363571366483	3.2795662803676917	3.6623834148647685	3.531543581633541	2.956802708448891	2.367895458500323	1.3253187555488342	2.301688726362295	2.1848429971872085	1.3639576286863833	1.447031780289328	2.760590523016169	3.321703730230563	3.824679972172526	5.095894107978254	3.5225895358560138	1.2870841304576837	3.0198890382823738	2.6874862681035956	1.1146589072944022	1.2387732658654673	4.573254166362551	2.841389242328801	1.4369303421804869	1.2669756142173747	3.260174094518821	2.429832489945299	2.990945848304397	2.057053384052803	2.9904107775764195	4.064648936730388	2.001336220997534	0.6770296337429068	4.706868042717415	2.9534695048052786	1.1077537843060388	2.14344253046437	1.965578986106964	0.6650480645211821	2.1333506555003803	1.3939594769193517	3.7940381021680283	2.3461800431875126	2.5163478884037294	4.328345399810397	2.3687624361382986	0.08671844213321984	5.381730084108417	3.184168480775413	4.327015077079077	1.888313476216275	0.756387187707027	4.703051911573907	2.066229049850175	1.4040198805615023	2.5689592567531467	0.6688292577971094	5.299922883704296	4.117589080863179	2.6841968054398433	1.3986133567431698	3.721946516034866
HALLMARK_DNA_REPAIR	0.17200942380822815	0.2983024669358384	0.10246749809152857	0.10196836601744247	0.08776601497968506	0.1624929721137012	1.2533098089557884	0.10242566067695114	0.2504760487049425	0.10136409971414449	0.07388011021378382	0.0329036069350801	0.22475021827833291	0.12999968391486447	0.3734361879361227	0.036409165826813104	0.3116908271290936	0.06389748797831821	0.2235273701571022	0.06212940775151702	0.19632160924246114	0.07331774100651847	3.6575939997954348	0.29586870987305086	0.15439955297791788	1.688115943632535	0.08730636665399549	0.15312346170768396	0.17065509014666355	1.9062257323569405	0.4020602822247881	0.04917335599329745	0.04302486004965152	0.03572724266079848	0.176969836570309	0.1929560454395485	0.5673327824851051	0.3244418769068137	0.268154078582363	0.13990751988563632	0.17283151033249886	0.045756482986519055	0.12555890094342256	0.07778561094949049	0.10611711876586896	0.07494623957579301	0.722093578091762	0.23474370611450684	0.04503810158660125	0.4955206197189148	0.07493744235006852	0.10232195901753546	0.32427937816212016	0.3850555076340254	0.08761072197258508	0.11598314438535254	0.0846108817667588	0.04164396492376584	0.2395544647773662	1.1697150052926313	0.020233071880619975	0.07662811198715208	0.4222664212609762	0.4844321848854994	0.22142918341787	0.1706348300812423	0.04605859518223264	0.17805516237601252	0.07296158743330332	0.1264180020632915	0.06822764858014263	0.4923308592956252	0.17880545877490392	0.10674890894013549	1.5439948215391146	0.3448013615673574	0.7887194402435423	0.5232022140430671	0.06125373888358549	0.09359572915188771	0.09690298559076789	0.11778226695434592	2.103448403981257	0.7540309924418152	0.6978573157236571	0.15586020712759585	0.14274523100457176	0.6024674283479244	0.07497238357227778	0.08112983586076172	0.3123646993240601	0.2073668143905784	0.2081358404091821
HALLMARK_G2M_CHECKPOINT	0.160317477224559	0.6341922312725021	0.05823248185381444	0.10745551177761882	0.08597288378381629	0.023582481585374144	0.31579237333632343	0.06825401784258452	0.038572616717158066	0.04701312144277956	0.005161013327158668	0.01198419826190691	0.044365571862835726	0.0129661774465796	0.3134587992237495	0.023838376782141853	0.07611120025575091	0.016056147719263666	0.39705949754082764	0.010053932085463057	0.27922130805413536	0.035219401696603495	0.7696168286995728	0.04231243676586904	0.13329312324922646	0.45933390393549756	0.05292175854320428	0.033433500805155426	0.059434979497788074	0.22265657433349054	0.11438624769911675	0.008674715792418531	0.003906701664681362	0.007699826273119201	0.13159991028243576	0.21093821909645263	0.2031822927043977	0.008461864073779787	0.16370870742242138	0.06529355959320353	0.10594506686386346	0.03470207859335261	0.046205262611345534	0.07017092805932484	0.011486204302735349	0.09372199135013042	0.15379531214697847	0.27249126152335956	0.020740230679423675	0.041155649892297336	0.0652839209639816	0.08372448545198297	0.3899477799289863	0.20541733786073782	0.020605180112031305	0.020933033158349854	0.06008870917903676	0.008252087815779914	0.043816315677282607	0.1263545838523281	0.01250079758320951	0.08500212397338652	0.38369762757649734	0.030888594113279447	0.06294841618185673	0.21410579029447593	0.010969518694150958	0.31926243234893864	0.01444465032821366	0.041329181470013764	0.03030010984629646	0.014599571623861902	0.12157655839298004	0.12206575808844701	0.5934922750087676	0.16892037827903966	0.16690135195787906	0.12130993322694723	0.03347216728229556	0.056035099100035624	0.03677379206810906	0.05145585874937867	0.21109348786855395	0.08260058843859315	0.06028614596512818	0.6010375641584719	0.09176828771496355	0.35065141649522946	0.011150866272277793	0.023064641009147867	0.3450193333066422	0.15280572807893963	0.06414486923850862
HALLMARK_APOPTOSIS	0.7062464949325913	1.8021068537857314	0.9603311405212064	0.4527693879615691	0.4106228103250777	4.109099425277288	0.8177381262139518	0.33529189570725093	2.3315777279010117	2.566871731301538	3.101560450078188	0.2850682103151658	0.363219413189162	0.7338789684770199	0.054829436050010935	0.7717807592937815	1.3473859181180772	1.402156090437646	0.017301429724542922	0.8208396453003978	0.176381814914584	0.5265464988501649	2.5815516657237754	6.574773955275246	1.0616220419787263	3.3318093336653254	0.9004694136899357	0.6766948347478025	1.5640106082814502	0.12436551339509833	1.4434488579342861	0.25969668081277053	1.5312609467820464	1.327335139270964	0.1895951597892466	0.30468242337824913	1.0466139275933022	1.8773447011145954	0.41461376547428624	1.4711570368069398	0.34882340646755794	0.2897699025945947	2.0372143797923092	0.4999003542335931	1.3744268417600625	1.2357649027415014	1.00902352279243	1.7265376103010925	1.091003040344208	3.7461538081545567	0.6360950227443967	0.6048415811640934	1.7480045882839437	0.257285920357778	0.1906781248982456	0.4162952184106328	0.6007350560645824	0.41444536984297115	3.51158169401399	6.479332264072093	1.745501345475714	0.5379378421028213	0.7960463169229657	0.19962346715973278	4.162764192685571	0.6487398190838892	1.0754211652544945	0.3549459100008852	1.254554159570563	0.25484408062073843	1.525261809704153	1.2980741506576756	2.077123743888067	0.530969084267004	3.259606632072055	1.0373525464476623	3.7336139651099454	0.21231482432388082	2.976218843712616	0.9632362080810877	0.5445177553379238	0.42420083249585866	0.6277742625902126	1.7813466341786726	6.341737856161721	0.059138634485184645	1.2987388463257044	0.724517023470786	2.012126404171092	0.3245590948397678	1.323676903611233	0.3505623958284397	1.533974864995259
HALLMARK_NOTCH_SIGNALING	1.1141415844038642	0.292542950425906	0.7811588947682767	0.8232730824871293	0.8815235688576032	1.41495164946768	0.6685948400375378	0.7035611248949917	0.9919060441012669	1.1856783953689958	1.1578367263956453	0.538271960561549	2.282493656947645	1.5402520588311532	1.312784647064065	1.7917342264514164	0.8663948049050035	1.144261378014599	0.8336893839523537	2.09879983361206	0.7084561717795494	0.7585453388083537	1.0990992890763274	1.6460604182751204	0.4969517978446671	0.4853756156401882	1.0458965821594082	0.9574027117193459	0.8936367268675648	0.633232624288995	1.1860182181093937	1.8834022549726595	1.6092468444773114	1.85235268988049	0.5953668132964132	1.0238641235736883	0.21481837953990138	1.86818707358567	0.47593099214836343	0.7005583189292812	1.4673585908431446	1.0953529321769535	1.4592450056599502	0.9835179624234373	1.5042884794727096	0.6006081073438853	0.7565824792924127	1.6100121453575196	0.8561576778658906	1.44835524723017	1.3834297646902045	0.5107425963694261	0.637980845183214	0.46132563559052325	1.7986145214739042	1.1759289057148776	1.0363609405937664	1.4823809017967793	0.7909885803668101	0.699462579085033	1.78703874003843	0.7347003621291971	0.5067523353189227	1.3416351928694983	0.7591199673714257	0.693787296769241	1.2488265983114475	0.419128187458353	1.0379440238702753	1.8028558513508213	2.079435204897073	1.1597132953835083	0.7302341596828278	0.5144260423094695	0.5937260617974542	1.0228003874815232	1.766061063519362	1.4600429180926011	1.3987318375068873	1.1849662837670334	0.5339232056222589	0.6866585468313852	0.3237533925564946	1.105505606151132	1.764736143577947	0.4355108512745624	0.9566579702319914	0.543855777453647	0.33512244980853567	0.7677569469540971	1.208304112908925	0.5792510503335512	0.8042804209744111
HALLMARK_ADIPOGENESIS	0.18030712845116126	2.104298448891875	0.8935704895200967	5.837368119182692	0.26925968295040187	0.5298796224239821	0.9518717187607758	0.21939483261956802	8.675277462528705	4.845144963460386	5.546228207573156	2.342007635529508	9.226723928723775	8.724894755159657	2.3463200020911543	2.1876299940699946	4.87804986317059	2.085408536831923	0.5261125562623152	3.0155375830471702	0.5394464989520422	1.0389461455303788	2.6289157922261803	4.8629519077167025	0.6554201507288157	0.7462307215987439	1.094073595203459	0.20071119199289433	1.1379835320751428	0.5778200340946491	6.365837966833734	5.458636834783608	3.5767203749751713	11.590795932544365	0.2847083599898836	1.7701469910245173	0.29356771133185006	5.961077351381684	0.26947319414374843	0.13614779439408464	0.7073079875953084	1.8091574196091351	6.37617832935017	0.44959439181319716	4.140898087606391	0.6167692689662532	0.4716291876561396	0.27553750905610314	0.62653352836408	0.39235617338970824	1.0062189069608998	1.444262938555934	0.1822945179157374	0.15546866658345776	4.013771008628809	3.0054364502324598	0.7828452007570071	9.134078774094435	1.241803227803925	0.22495264230349293	1.006720908337027	1.126603680289027	0.23964385258279244	6.945886445097541	5.616393072910811	10.124939713253825	4.698691834522579	0.21227124197347347	4.312418992415076	6.426738567647679	4.775587885534409	11.390303047762714	0.12479944692670228	0.27110098671308286	1.06776104489223	0.4103062303334685	4.238744770798611	3.595270520241787	4.7823642917304605	0.9422007644314655	2.557596153157133	2.7374578089730015	0.3849294569383487	7.718677182926661	0.4910683994709253	0.3919259856922168	0.28721293793754515	0.45109520852541346	0.9784082325789724	1.9673752613832716	0.2820823815961506	0.32641440725523724	2.5533228551666993
HALLMARK_ESTROGEN_RESPONSE_EARLY	1.4231876874820968	0.6003952268014907	1.3884032753793383	3.249076439414564	1.6569238017710903	0.5223297378567366	0.5755635600478949	0.8021777884275475	1.2447876710200128	1.3912582517364422	1.3015257963148967	0.2604974886971504	2.045102501037467	1.2695587009149671	1.1274729214928199	2.526330949453592	0.9738198044902737	1.0809160985128012	0.6630949496605065	2.9711192350781674	1.3647038688091517	1.894065540378937	0.2980190397391658	1.1916208980918253	1.0645824935147141	0.5227576321960374	1.1244178512416863	3.369788290349433	0.9336961065357522	0.20168698056620266	1.6753574071162392	0.94842117234422	1.9529616949402528	2.619072962681961	0.8578602759314599	2.135607317964908	0.19308822022389463	2.7036735703922203	0.7030677931129504	0.13496243301172306	1.3684713386558673	4.066816143975195	2.7176095400609603	1.4105674515225888	1.9602480866408063	0.9369908662194943	1.9009411337824795	2.9612322591147433	0.8258142464653745	0.5451937704741205	2.1827510178569214	0.8978326508968858	2.1631916585976816	0.6977599808029502	1.0111392494968028	3.841825980038179	1.338922824554955	2.2997333810445864	1.930176948032011	0.5376255103232751	3.2100635091333447	1.0929938881702086	1.199789250667538	1.1604635583000966	0.4930544026873621	2.6002154454656683	1.485720091149821	1.5322611708596405	2.820581912256366	1.9499015843293621	2.4392708917029307	2.120546016634541	0.7727091600505193	1.5735457908270918	1.0985266012982633	2.643195071350046	1.6114500446233646	0.3516352755303378	2.997980457841656	1.8477732937696878	4.141857701078014	1.359494810666415	1.5229035836288474	0.16770654924796907	0.24251031555469021	1.2594150784248401	2.2048940482804924	0.4726918907542103	1.4129194872641984	1.9967010662654507	1.0603965002109277	0.35749688016071557	1.1109713895690432
HALLMARK_ESTROGEN_RESPONSE_LATE	1.0694811784329545	0.26321667749511674	0.7346329190452653	2.977038361914037	0.938473476021633	0.49123715974345167	0.1025687760402136	0.49699993346477667	0.37467061542541424	0.5176464250646062	1.4500314727044383	0.2433595031874122	3.357116442151915	1.644583157014613	1.372356490938626	4.14195786400266	0.7944143373222569	0.8652665997212823	0.5816774304250406	5.146260482231251	0.9377610591180552	0.7656407278539091	0.22090639058491088	2.4639514916169722	0.679204897920888	0.06525953552018508	1.0201788020020244	2.7464337230315636	0.676487320145826	0.6490078247874985	3.0475739456652544	1.368890500649235	2.260503174130256	5.734463757411904	0.6062219339432701	0.8861501811112623	0.4066134332497516	3.850272181520563	0.9081849759874764	0.3532634005467745	1.2408541409913172	3.3439782374258273	2.32958629190603	1.0697846272473337	1.953086822972025	0.9471928723737655	0.6531117854087367	1.4317774210742842	0.6163503676386126	0.2791650569834224	2.665942652256399	0.5242754079614876	1.9263076099540535	0.2806138103295057	1.8766247289297133	2.4900775921778426	0.878447109933206	3.6199896362460637	1.7071530463084224	0.17998103781606947	3.383509266969422	1.0921710047519575	0.38723394350868007	0.7935535489757198	0.40431733290394584	4.516341076448505	1.156577223270112	0.40024836530819813	3.5169170299842443	2.685710960364836	4.852698693354083	5.20774564026606	0.5436797665282643	0.813281303781306	0.17162191319510628	1.9162961301511678	2.547001632416003	0.7380687747414703	3.0115749700708263	1.6150245682177904	1.6188283685979854	1.4082835826425535	0.16001455258809674	0.7266417437796396	0.2543778053768	0.45310088645238183	0.8936340829206273	0.4264430023029037	0.7949020782769161	1.9537850397185947	1.0929628493438235	0.11876302026194986	2.3499409295447964
HALLMARK_ANDROGEN_RESPONSE	0.8006057465254864	1.6760964640496308	0.6519226502562124	0.7155280227132458	0.9969018092138363	1.5029725178122229	1.3138930745344133	0.9614415203083556	0.304254279679149	0.6912789729266297	0.6211758478897399	0.2676261697105321	0.3906666217871997	0.4533194783868211	0.8664108066253788	0.19530556374444805	1.2726544382978136	0.40516545569205076	1.6958215475692429	0.1162038317272244	0.6576543032555174	0.35952392841867103	0.27944055942467655	0.2748441725595132	1.2121561624460937	1.0739838096258645	0.43771407298695164	1.2475080711167885	0.16898477329083483	0.15353866270805017	1.3937416483394145	0.11863527108542299	0.3163135961739791	0.12339642086676825	0.7016416939386833	1.4101906096232313	0.9622729577827444	0.15117450326596465	0.49779844689575004	0.27877899325837907	1.2927695289354766	0.8716069517488857	0.19637068703923735	0.7657290891652927	0.8599586201439674	0.6943437906349789	1.0402242938783923	1.223083359377181	0.5147227811266473	0.45523656564555465	0.7788041453226443	1.4627163975582755	0.507355550383296	0.6963712115944616	0.5225122159726583	0.936656431442521	2.0301649026716757	0.14295300501519698	0.8089916831073793	0.50105616356745	0.3508685593092203	0.6689977195577939	0.7013648830147563	0.8123787130996666	0.7997274038985158	0.6555073997537064	0.41843579297441497	1.4230283385461415	0.28111759468604003	0.46975528038361514	0.6522976053105999	0.31390069764676787	0.18319025788512303	1.7278316915474072	2.3187310552659257	0.41172587392050053	0.12466923727556248	0.20012021182951995	2.227713954512322	0.5184429912441417	0.3233797764349657	0.2888749669607858	3.3141715968525496	0.42278839553278674	0.23237274027490046	0.27752880363880283	1.0255477545876541	3.167824758548969	1.1136164021107218	0.6265471427397337	0.8867876365565566	1.0206838175043367	0.19942067672076486
HALLMARK_MYOGENESIS	3.038593730102785	0.27182841165579824	1.77184953957757	1.0875392366544014	1.5919872397126387	5.867548246258246	0.8685233609251939	0.32289208804739883	3.3645896956652175	2.0361382098020555	7.226143714516889	0.8653102411773506	2.689345317871433	2.5111455775505402	0.22059345554289184	4.7027988993211345	1.7685472923808803	2.500090392987551	0.17578350279961127	9.2015328015391	0.140730223444124	1.6299146352810971	1.3221291754581408	12.646876261726446	0.595489079450869	2.208983016166059	3.421819970219532	2.52154920473061	2.8626081223256854	1.2099233753903236	3.8919957657165862	3.106880063827265	9.17773647846304	6.0466648847417925	0.14472880007098574	1.4789419460144217	0.1888907685475506	8.332584281480182	0.2881538537663633	0.042956805611744975	0.8846400214942521	9.808655580105993	3.4621953559745395	1.0217810428447422	5.804497760375974	2.0464568726750714	0.8129011041547326	5.097024434038097	0.5920519759790932	3.8852608638500987	2.549506654988537	1.0941999718418485	1.9258916871796057	0.458409059896662	2.1080208258750694	6.170144625810552	1.7354284041929064	3.9560732232480764	1.9127275496564387	4.812712060084978	5.726627897997709	1.6176424615744356	0.28221691320215864	2.1807754998676927	2.2532317531975905	3.105132521629166	3.436824646148721	0.16605202304608083	13.250393032569287	2.9781995111160384	5.412157872318206	4.075847365317968	1.8491072385575973	0.6069728688879529	2.182667399617029	2.618068025422174	6.4095392568580305	0.7934640944765731	10.291862999686712	3.353872188107952	2.1673894813509613	1.1958017117714694	0.35058635242661557	0.6712594155290443	2.3059911648750395	0.34676665030878656	2.8628646609575243	1.018952319478795	0.7507683064683116	4.095796127829655	6.8609960204884075	0.5173092692986989	2.9025412445517293
HALLMARK_PROTEIN_SECRETION	1.8089381829640672	0.9172775279033414	9.02139955299999	0.7281024604394821	4.789483118348304	4.646153409712624	5.450587160645121	5.07985292183912	4.1206286345500125	2.3721682926120713	1.7536256743105432	3.132509244311315	0.6201641634221241	0.9505365398102051	1.5816270593052764	0.60577088231362	4.32693419911389	5.328966906979478	4.560085539348622	0.5871712220061296	6.408681739440967	3.3506788344581877	2.8534987260111913	1.4448507324146724	4.711701968723317	4.33889147145706	4.853424850125277	2.1407197115798513	4.122970850054121	2.6833960326725723	0.9594665376197298	2.446556769902504	1.6624680626619597	1.1631803323429895	7.128896421550243	2.6329123750451195	5.446560992695867	0.6078068777546546	8.351603264137253	4.647631526624546	8.720360914931497	2.617299894891486	1.6363433831431824	4.202188883833689	0.8297342630872024	3.5729487744295483	9.27934957791088	1.5597909335794926	4.37199255336087	1.009789211752238	1.6521390335059496	3.6142835212023208	0.9568877586403386	5.335920007628481	2.506699496278511	3.315144292929808	9.917799247072768	2.166294725143688	3.6959551815015876	3.367406495429498	2.328207294785092	3.9512848063920045	9.44511659174788	2.013918142697376	2.990381864532459	1.0487147994797537	2.0318922739858225	4.729730585618475	2.3794216223567	0.8234496862272288	0.278952653056853	0.5774146911908624	2.1330997417318667	6.892836689006616	6.042260722541169	1.7339963619661596	0.7364539363369346	2.6234102792004506	4.171344848024737	4.018045083926271	2.7426884522939154	0.4055484937549932	2.509078349916426	4.411885820749945	4.701702102586628	7.263047673951865	3.96726948386918	8.24255458152687	2.1243523333061205	3.566446890195187	4.839787944526401	7.3720329766334824	1.2584857025470082
HALLMARK_INTERFERON_ALPHA_RESPONSE	5.243723566230687	8.939552771705344	2.953954242604899	2.4054888340444056	6.082811929049733	21.716263567167836	2.166548498510776	8.865059606946517	4.076779982640908	5.479819621479076	6.256643408611735	0.5988618094885044	0.37216471955168445	0.18404829134052306	0.3144778398852148	1.0537675062028222	2.4843918369253553	6.474959848894484	0.8831982039702769	2.337786690868224	1.4067618612612767	9.188442673153961	0.6955441255353622	5.287602063763511	9.056283669771952	5.268470696307546	11.421163240007942	4.6979621256806965	6.137055418952346	1.2985029515403794	2.738783240513342	0.17527180964194766	1.7986981449457264	1.909962874698086	6.079791604847531	5.242359647134536	5.3783560842542215	0.6278755277159367	10.097906643954508	2.5024771914454966	2.8116600467891186	0.3713425591961447	2.4115665717757446	4.362349352258505	4.954949569926252	9.646224869941994	3.236841821853392	7.5966910576108795	3.2283549368221216	5.313266057977785	4.271610800257825	5.775566860395336	17.454430314537912	5.85311528687761	0.6014118302411484	1.6268283577019598	2.637046605739726	0.854149576324318	6.096234403211821	14.693887741567579	1.425744115727273	6.512853190674839	8.495724096730273	0.2236784521566539	8.776407850824912	0.2604532830237916	1.473246992594978	9.52110504851651	0.6146875398815483	0.0970525824761711	0.8059663088103456	0.41331396186547387	7.473861662542053	6.234413493122204	4.975538654171103	10.584749518184124	3.8894902141502428	0.11719454790118718	2.917194544500208	14.808670316773025	2.1499255212462614	5.297450814798966	2.927956421281246	10.162891947207077	7.250033374724278	5.959727215241396	1.2319032324071555	13.451742583758222	7.130325029543117	2.4065557349238	5.821908790431888	4.2762429952389285	5.608582466720482
HALLMARK_INTERFERON_GAMMA_RESPONSE	5.853017304755533	18.22771714531375	5.142927406994252	4.9730672672102525	6.885782331885838	34.78682060541624	4.285804336523484	15.829854400759661	7.096224589669858	10.586745679946812	10.12241469761917	0.7317407673144014	0.12084360848346502	0.10365221016694637	0.7046657148577641	0.9440480398992938	6.506125588920705	15.340377846016636	1.5830418017002235	3.155868624465283	2.563139018134795	12.71737501425525	0.6467189251210216	9.495932207565252	17.301754910823423	11.538809814383992	16.04394485002985	3.8096958260217955	12.571150990049189	1.0425797704260462	5.171353176738759	0.015278704717674037	2.780964176945407	3.0679071686585733	11.2363117063876	4.954086587110192	12.30649150602586	0.4112418945334622	15.400306678939625	5.477605768188149	4.052730692240103	0.8236871169421945	4.564538202682005	7.222956984797082	5.644271929434816	14.269202632993139	9.0356170441105	10.736495009876451	5.792608504530183	8.534639805769746	6.239936521704722	10.923107129508024	29.005489133427545	8.719263400686401	0.3144428846648323	1.9398276255191538	4.498916811918588	1.2099666297146217	15.340225638807635	25.84177641459561	2.2712846517744745	7.950487965069814	13.041147042010415	0.08437040175668507	20.345543252179453	0.1748895394557606	1.74930518938795	15.788347889858525	1.7069951577597695	0.05971225911206827	0.6241487456838412	0.5687559196120384	14.236961916898439	10.083906764648308	8.794845466916483	16.747698131272905	5.77431990141464	0.006060363490072325	4.52126422592122	21.075701283889853	7.138922262581498	9.170579015263396	5.639028350026623	12.366193680607719	9.665202754173999	7.647425010615244	4.503761584977103	23.958101362861665	16.763303987229246	4.8236600517183845	8.58592417107408	6.861631550525092	9.68930061887911
HALLMARK_APICAL_JUNCTION	0.9470118004625403	0.7717834269993318	2.839307261116915	3.547514635428173	3.418294253873677	4.013033774071374	3.1359537691304533	1.2821942078450688	2.450892054897265	3.17242262893055	2.247519895704071	5.448956454954736	1.4863451395435585	1.5640029738493832	0.8627649156122723	5.029067309654899	1.3593892921579345	2.708209516723433	1.3654087350373247	4.01433870926151	0.8092219874611997	2.498972146781276	0.20391986236966192	1.3108979960905134	2.2869405030434895	2.402486127729533	4.85055864873391	2.528181028795532	6.1762663846120995	1.1524855333944424	1.1343955867787832	2.5558439318106188	2.943303354291833	4.795842423465901	1.8847469719133352	1.5714217347978865	1.5335813715091466	1.549003093372175	3.3008200909497756	0.958671362055099	0.6697034489203756	2.3305304391209196	2.472183081184472	2.981980657677771	2.8793497671799653	3.4624376348091843	0.7318938734373451	2.8187651391703676	4.267325050373312	5.493042776526512	1.6097270965744095	1.2528679185874352	3.2958174430520724	1.0296568125578063	4.289327135537825	1.1371105252489346	1.6258983218325358	2.249865119402714	7.800489317018399	6.206179554893823	5.652119930262212	3.0968929864694554	2.9614746033101476	0.8751020642410341	2.827383478917632	2.1157891539163773	4.038467642825242	2.7907789423069853	4.079616934275301	0.6862389898555891	2.2576158278626335	1.1036017196644727	4.368059366835774	2.3469260007890784	3.071373192713864	5.418483106526847	1.5378302858735118	0.965295216525403	5.082789177730433	4.671459719557948	4.430852235755127	2.3854464300773284	2.8274312723299766	0.6519560923701828	2.093730777374124	0.7210132968273096	2.6158253233486803	1.3688070237717471	3.9378676574080536	7.043445579004356	6.170990259731634	1.340041994717984	2.5029984970537815
HALLMARK_APICAL_SURFACE	1.1399460750380748	1.057319530019469	0.7162499212032881	0.6958213787441037	0.6958917198872494	0.6298827884753357	1.1334847505251455	0.5746391443031137	0.3355195810385816	0.12425826356005394	0.40914012200020683	1.2532563373911352	0.5027279840898847	1.1730935625863477	0.8529206670453849	1.63263725224297	0.6074449967921243	1.0419830977833118	1.4465345164163221	1.2831477693049222	0.8541782164836237	1.085718895618683	0.2336311488634789	0.41729270686726494	0.3024819797288306	0.26279908933085483	0.6262138767233603	1.8228871896398835	1.336891912850231	0.9198998778672335	1.5182603092012226	0.7991935109547871	0.9098452099884348	0.8932518406531328	0.58831940088416	2.0909669954902155	0.3686954043272019	1.5562589066939834	0.6365913320698354	0.6294213822727834	0.9331791075613161	1.010195770472873	0.29440394737288605	0.7116291698287139	0.6402680510149767	0.44970387506086745	0.547789638980527	0.983145312203104	2.5221054719531377	0.5621803201100843	1.669300803334329	0.7834742913236539	0.23377725285529782	0.5964573988170604	1.3464943894446573	0.5131371460221458	0.5606453948941302	0.8703272695988237	0.35588894537599164	0.31752311438438297	1.656269113675186	1.0099968389420588	0.5626097454389255	0.6332160629710503	0.2064283437846755	0.35221714471877996	1.233787203056735	0.4334079708451172	1.1668292095839718	1.1958003261216619	0.5706079555907654	0.10573188424068959	0.38580792820958654	0.6386013475872979	0.2521668701130672	2.450034017298082	0.5835592038729369	0.6569989573851257	2.4355161981401614	0.5162788209365734	1.671355766120692	0.29365121128285704	0.23878535047170493	1.134142965271232	0.7565576581745436	0.7774129687150226	0.4197082030367983	0.459577002400776	0.8068023765251429	0.7515841808976083	0.5878107889893565	1.2508703077037506	0.516190541284103
HALLMARK_HEDGEHOG_SIGNALING	0.6487045682770827	0.9663975447985199	1.0257121447250546	0.753691841233659	1.3113459659590345	0.6541322938692151	1.417421910128069	0.7509451265439874	0.4279811420871723	0.49414459467141075	0.11907034965315015	3.008896292635984	1.721358693013844	1.3306495786704404	0.24045666042849528	2.2500178907582047	0.1152553667946676	0.3412353024746529	0.38708974015532377	0.45468876773760053	0.5161601320489044	0.7207836808974782	0.5091566010289176	0.05440204968015304	1.1902110366683298	1.1038231545155694	0.6026126364228459	1.3831171228267358	1.9322904784080321	0.33793104395302065	0.3055383201141763	1.4861487915131237	0.4262271135051604	0.7776327138250911	0.79693542163849	0.23066291410071185	0.5970283958872287	0.19757522247881418	0.8764219926732089	0.8064304168982701	0.3064034891171214	0.7128448835578759	0.027317148914788786	2.075629824792399	0.17152488349708436	1.5800600390976434	0.42631905135756337	1.4248967505445258	1.202673473546839	1.5975930791721078	0.728043433578864	0.8425237381279252	0.3913884482983363	0.35534033643408214	1.799799249480896	0.046427035118163484	0.6867085102637198	0.4361736169609744	0.2738652599646461	0.19731393347690562	0.9173973182781043	1.490661977074145	0.9082798354752776	0.5648739148882312	0.7007490148685408	0.6814301775988276	0.9053917980802262	1.0752184155943416	0.30221564731358225	0.9876079302528112	0.20964782556761144	0.1540145515042626	1.2256841920343493	1.629536370426617	0.6644405742503622	0.6137004289587797	0.039051016430181336	1.4992985924799596	0.32915896620125484	0.909937336880321	0.8082074612944308	0.8746508485076057	0.2823907760738583	0.722585823399484	0.22898298984051016	1.2828644846192203	0.954987715944776	0.5354248730166166	1.2523015958319355	1.569079167016807	1.6192988874760852	0.6481540772253213	0.685464119948104
HALLMARK_COMPLEMENT	4.828005158840736	11.321122464475113	11.011857080578254	1.5677724388675107	8.690635240572046	4.556307375985692	1.4971284895414936	15.281884118450169	3.4306893182025213	6.275482347923356	0.914360228251079	2.5695622626556087	0.20075741987511395	0.3202957006675878	0.22481086156409055	1.8504135359570002	1.0593760240747683	20.98158480716002	0.4793817865055492	6.535284519026288	6.156029557580214	10.51050127760517	0.030299009270847197	3.738714393016569	12.923566118771335	1.0636378515362672	16.705265523914083	5.349261043410387	18.89114530472869	0.30360670175872284	2.567169999973556	0.5306960392056536	6.500557033027653	1.5429933832327494	16.8553528571989	0.7445863031918116	12.548456010608799	0.14206238868690257	11.281580669738073	4.1009309680396475	8.095386496787096	1.3832969954622765	5.838346611112956	6.005758699809729	0.27714867035256974	12.567472588047913	11.308135315456216	10.875284584590222	14.563090557571408	7.712209577934401	2.84256340464009	10.2793867750727	19.202713571064404	2.007344892278041	0.41422519319999296	0.6923403617326878	7.776065000552072	5.950554000183857	2.780870367749516	9.814487608474728	8.111032901727896	12.361982960168177	6.540566881120184	0.03968244984530387	15.991878348239162	0.2818980613476421	0.37991627855276794	6.387497170655759	12.448212656762477	0.19727728466037617	0.3538174079974169	0.3764807721272795	10.795192694959368	8.220113032429303	0.8467585452974485	5.450222991250307	4.386305982703067	0.06877330842386808	10.373515644152704	7.868917523587066	4.6848749990587315	9.65202339373812	0.8871438764885995	0.9410851490745006	7.02655455710506	2.0112034460959505	13.463690990709065	7.185724615809212	15.923584393334298	8.842973645298969	9.150345986817243	15.820698985997005	5.059333963747494
HALLMARK_UNFOLDED_PROTEIN_RESPONSE	0.6331142423235981	2.4602376732210693	0.11771365165792962	0.4252625333250391	0.508226258890401	0.2280123162122608	2.6501497221091177	1.2018594021643259	0.32308255107344835	0.31287508629502836	0.2559612781069596	0.21149551452762894	0.5142894028817335	0.24207874445934963	0.816278038791256	0.264384116887931	0.912519693217652	0.33566419347821097	0.8515796970232226	0.06734970981709466	1.8681518571325162	0.4148986205652287	1.66183413174361	0.3047081151964589	0.6225302249232401	3.6873347052347785	0.1844945549940254	0.38603581840402107	0.22922122562682504	0.9239715605562551	0.33804062111978206	0.11952441276918371	0.054992924083487736	0.09070504249042952	1.128803934730086	0.8243210037337323	1.3623336494236424	0.15849058229473134	2.1632344406293402	0.32282531555547683	0.5436121666608966	0.06172279517616674	0.10027843399743203	0.7502739324540338	0.1796528198984554	0.38208140039190813	0.6929122367986582	0.5730306041127119	0.3767932158003054	0.31766125311936116	0.8015867035049321	0.8001685544610271	1.4289847143960313	1.4927298143153043	0.17127109444080577	0.276308936284655	0.5527749440289649	0.03447941328753465	0.5224785750449702	1.193675335066331	0.057437710557092125	0.34723005691278236	1.2724626230799845	0.215617968427845	0.7867816506960539	0.46933392543591773	0.09203154110653664	1.6538924435546372	0.028832678323748282	0.3646388838606169	0.2925380242974593	0.36314564439972097	0.5991840151033366	1.112455683004697	2.844226545336175	0.8555261718625139	0.3155800149766969	0.565561343362397	0.12632907661554785	0.6293983942765994	0.5017713449374664	0.18305048480948422	3.1667555859159893	0.19334406579503977	1.5887056776458384	1.3568635093512686	0.6173965314270939	1.8445636004454715	0.49629145041824285	0.1763050084533631	0.5642061835982809	1.9489128815725207	0.19406863729953744
HALLMARK_PI3K_AKT_MTOR_SIGNALING	1.99074939663059	0.16828683820728935	3.2126008867868214	3.237243359087115	3.584017566280169	5.956383433810277	0.7625067714502427	2.2982309783350092	1.7765186085690277	1.8892452266903197	2.8631474634420093	4.5881678252670515	3.075618521787789	4.164537659230756	0.7035537848968001	5.175384791336226	2.475164963013014	2.588791042025226	1.8422214078801675	4.3851495428124165	1.288536542066976	1.4216393601456763	0.9897445634406271	2.0804634728785483	1.1185648161469706	0.7425769624913655	3.3542348952911305	2.717336978768123	1.9225850181904303	2.0822616334552517	4.428460819334612	3.8200946661550255	4.760267126822119	3.854776125103164	1.4925091957283252	1.2009777481086397	2.1715264423868685	3.1812142233842478	3.105541266089645	5.198200929965324	0.8934901241304051	1.8279045855835334	5.100543503834302	2.4961097463951103	3.3180689579544005	1.965522216072319	1.171391893772815	1.5475991010442438	2.7862369797338538	2.3831458264235303	1.2740066315140075	1.1405973187613045	1.0013420100651234	1.5028484573775132	5.223725238373761	3.7272191548002773	1.3872121291089994	2.532732777460931	5.369130968049458	2.102949698387008	5.8901892258673545	1.7368743237314923	2.5508537042735173	2.934954904934258	1.0354912548313135	6.015463296517545	3.31323436722119	3.0634552655381593	2.732503678795616	2.7240481421435865	2.17591891527634	4.659686590092813	1.2540871364220865	3.5594449089262965	0.9707738105854818	3.14259697288394	2.0057829551339657	4.0466322880586345	2.4022928724959125	3.7121669730248303	1.7775655289471397	1.4469642498900466	2.247938132446234	2.090500665767481	2.0072600790203268	1.277165921509832	2.626510576989368	0.9637017760207468	2.2036065920096544	3.1562059686381794	4.701542844396188	0.9124074061726459	2.5849167485984452
HALLMARK_MTORC1_SIGNALING	0.13502541017404815	0.6908366852053214	0.29613744905572986	0.6877000342772922	0.1266680281627024	1.96438312967261	1.1714010028937354	0.39533532542222105	0.41967162787313406	0.3958429777444381	1.715620442659242	0.26636878934336355	0.8630741464524069	0.18317162344214988	0.13658907713486598	0.3819728783954695	2.330317032920818	0.20741462383077025	0.35172562531456625	0.31414397455051785	0.31784526304655786	0.09363865079652173	0.44515371133779275	1.299584586244583	0.21573978275974112	1.5549392939338136	0.30168136778241506	0.08574037634602263	0.18657158332879537	0.3390285900311372	1.2425457465486667	0.2707419013509347	0.6396296205055466	0.3336764853008141	0.4773329366789208	0.3087104696107707	0.5347503670089776	0.8188052378755092	0.20681569210525066	0.33290902437952463	0.3250781848656871	0.036688724736555475	0.9147023273308864	0.0888554525556265	0.28431048209079884	0.13631022937218423	0.6513432124335031	0.06986817928436728	0.11513424066858177	0.17044530857412832	0.02363368415136463	0.8231857022612626	0.16017473076904046	0.13306148211039748	1.0645337743974674	1.3849423077008614	0.11289014554479408	0.4153717067269149	1.7826490501818746	0.9846567015781913	0.17209588409808596	0.08038647132444475	1.2320707663705763	0.19549888786803674	1.6280800331778922	1.1909947059640718	0.4394836177776275	0.7731491047751897	0.13670643385456105	0.24571235354599427	0.537833183404583	1.7324445438440015	0.17113736153174458	0.4302797665375769	2.289956418453649	0.22201063676604113	0.33856321216488827	0.5920971364544105	0.8902956032483667	0.33394950758776726	0.3165527908892288	0.4993999295145854	1.3064892276832867	1.5947964479768213	0.9531206953024339	0.08026860612617456	0.5238143052232851	1.410452070129664	0.4157593423866634	0.39003958002733197	0.3711913242934941	0.4824230097412853	0.43613279686926076
HALLMARK_E2F_TARGETS	0.03628552467904188	0.43835889034424497	0.011741799963532288	0.04894477833414622	0.02977016633530436	0.03830863977212947	0.09853563458977052	0.029523117993237518	0.031243599354302636	0.035520780957901	0.009261404107040997	0.008172200088467509	0.03156489680645687	0.008529541151940658	0.14828762180517804	0.01917697145374444	0.05141846848884919	0.010540286495912377	0.22978290406311114	0.005440991081490773	0.0950122167192767	0.0047313956065355	0.7132845657923484	0.005473404745634948	0.03438402910808011	0.3957951343474201	0.014611430886386896	0.027372057615253617	0.05365646569557226	0.07517926889120913	0.1507963913386967	0.00462813131942464	0.0017916423203704949	0.006317754864891047	0.09022351732917995	0.05774638297330715	0.08733132857303193	0.006477458260672547	0.043917497204238286	0.02824560682976734	0.029092112027883484	0.0038913508953803137	0.011880308327437939	0.01795377648783249	0.004123243193983056	0.05894863571695833	0.1364036356374494	0.12443929809704804	0.013080627224121486	0.07171811426518665	0.003060090109360883	0.033912672437895745	0.13508689485057837	0.05940982275103994	0.012839791323835184	0.015997987823455153	0.026407679067159885	0.005578915456317937	0.02314828553594074	0.07643155108432319	0.003272786838568305	0.028540951626049672	0.09068681578734772	0.010639136487763599	0.027340335622473844	0.15373556253039672	0.010566582791235003	0.13583229165529742	0.00382663173422656	0.02237721344959592	0.008885324631973538	0.013278058501654115	0.0410596164451993	0.0252829630071561	0.24481034263603915	0.07061044795150374	0.029748783593797845	0.10192313008324894	0.008272697608510354	0.02351991625790232	0.029027470684046708	0.04108473376049019	0.09016842194105468	0.06011609009906934	0.03680666995680028	0.10786794642312117	0.02393504092975541	0.36183388925858984	0.008701567366362024	0.01969711178629032	0.2533991132518385	0.055687843091761495	0.02219831705365234
HALLMARK_MYC_TARGETS_V1	0.09831902099621308	2.477236436321575	0.0485592257587665	0.15186228001219054	0.0743755363666433	0.026004143953570567	2.095137905037593	0.1642576264245427	0.11682779107150645	0.05368496522830645	0.010966901227641825	0.01265909488315288	0.18723139577233355	0.028160426168371753	0.3821636782887408	0.04836295710532712	0.41494391588010154	0.02947804388179167	0.6277943202222251	0.01197358650214123	0.6120238182379444	0.038610960660601705	4.852215700800462	0.055411270237880186	0.16451808880029575	3.6411090067847978	0.03852210641289046	0.11512650020622711	0.21097401157193113	0.5365880171012856	0.40399744326177	0.010742564875394177	0.002204820436555313	0.00911240185805445	0.29525439783867335	0.23481303528918937	0.851078332844233	0.027449987574593385	0.37976140866078184	0.10283229454916976	0.2986905109135776	0.005492796688851426	0.02486587760462884	0.09591540345297288	0.007630783947672601	0.11794382860624661	0.6000965251192416	0.2660555388466436	0.03386604978478934	0.09316228921653616	0.02155689648151461	0.19071689640612102	1.5911092895389989	0.2853096944755333	0.040550078093539554	0.05271198957354342	0.10720598989321448	0.00797319002293878	0.15949475600756968	0.6949601887106289	0.003931867908105661	0.08123446798447259	0.4549336828377457	0.06482048695394316	0.15095266569920837	0.3874591676038785	0.022104586764841345	0.33401998501439606	0.004619508070717102	0.07589681071775772	0.03728858630108213	0.09451732763430175	0.14395200440753428	0.13754244515404399	1.5513766890435103	0.19013374085174506	0.10796962326502885	0.45092044999115877	0.01710473757752807	0.06911855880231138	0.07076528546137298	0.0827632828017518	1.272888252078045	0.25090277985952214	0.2946090058510586	0.2958842697252993	0.062209953109740604	1.68436107765789	0.03660240236704704	0.03672708748091426	0.4785933784798748	0.4573000377777129	0.06212363127973088
HALLMARK_MYC_TARGETS_V2	0.0925556415509396	1.3138244973130768	0.04252730198129375	0.1276500080853915	0.0508448928851405	0.03407941096018434	0.22572205639041118	0.14455326567616286	0.10428981782716834	0.04866588753571519	0.030435225224272028	0.015185770639813424	0.09504347225303637	0.040461746165397654	0.1729970073431574	0.032889708344858	0.21075764392671772	0.026078605650433195	0.15070625061353837	0.04751965749453563	0.24656683984007954	0.03752861153245157	1.1407358627068291	0.05056021075292469	0.08208321417933685	1.637257125038376	0.036911698184487175	0.08578633642780006	0.07608324575972646	0.16891738940479342	0.2863304822746467	0.01652284123215212	0.010803381713390875	0.007037629305718999	0.16691091216309045	0.07449758600369673	0.4283694712346184	0.07262878540248616	0.08007923819047565	0.10439640533920545	0.30403744407059835	0.010653949361837937	0.03330573664924837	0.03886832493669868	0.06433955431032813	0.06351439068529702	0.29411881347838015	0.18160619600679334	0.040481581093675605	0.08084352442782539	0.023331898828971853	0.20227972907152372	0.3630981376041512	0.08566430228814269	0.06779016907812253	0.05167802774307898	0.0518914726595982	0.017499404094434783	0.07014873503587292	0.2481942646526075	0.014766784647828754	0.06308314152357057	0.17949593742825348	0.0320749845916822	0.5373928765394491	0.16055873083108246	0.03717886242101248	0.19793777185275394	0.012226694550931387	0.13799639003446532	0.04971338971994093	0.05315286917568317	0.08930444468879112	0.08961227272660252	0.7100636746983269	0.0730628786117349	0.058785022544638854	0.19807582479473643	0.02262605758079622	0.039282147400617494	0.03861048742307009	0.05398873773351374	0.2412671795581843	0.08058490584983698	0.09998935872558781	0.12454522387391521	0.03902164873537774	0.7572388872524362	0.03562240258318491	0.041128104111699273	0.608865114011765	0.21538379848298886	0.12093320147160744
HALLMARK_EPITHELIAL_MESENCHYMAL_TRANSITION	0.26677714003585257	3.0095919631006534	0.8835200099407	0.7343201708924072	2.3173118040019824	1.0032204879482205	2.950076044486272	0.389501218289533	7.751745858070534	2.7660735461406323	0.40138630285283294	0.0581626755451576	0.2845706176634336	0.043346075297424805	0.2616892235593777	0.2779003734128896	0.34077632792675183	0.7224259266426658	0.3253764738401537	0.4050835312512216	0.43665620101062697	0.9635955508057141	6.8051203795865804	5.19248833932888	1.299317607977965	7.533626319593377	1.7372286199653577	0.5161155355974459	13.038323205375468	0.5360337529780532	0.17664056612134182	0.054511369025289136	0.24791622595972354	0.2147344217994108	1.0017903304441733	0.9364307185759781	1.259555199930731	0.11729272778044308	0.07361350784734337	0.5046570168554936	1.5746173515613682	0.6237392762573022	0.9743874992814765	0.8327083599678364	0.3301378431738551	0.9052163812612662	1.016538225027426	4.219922622821403	0.6650275799598827	5.591572254497907	0.34865953637095687	1.6460194808529456	2.7756174489196495	0.3778024595159204	0.3515653733966697	0.3128114111390236	1.1433428877829281	0.009740156991722645	1.3790075207061725	17.928664575098704	0.3027587099952445	2.757053612293696	0.4080714324206871	0.012077599559529157	10.141067346678454	0.40633979936332515	0.0413285265331041	0.5787697778705777	0.9149934577518003	0.048660780736649645	0.27513281552404945	0.5244198665810702	1.679601748151985	0.8673720058826443	9.3356660766583	0.7562453640044116	2.571733716823162	0.00953982224528826	2.605817679586097	1.8275718750929735	2.902437970750284	0.88016684005655	1.004868067498438	0.29125381201433287	5.864522724122747	0.3630218484535833	7.22475247410742	1.2189761843094091	3.641967581962325	0.9055884499953571	3.0247039423992415	4.198022861702219	0.6618303918460765
HALLMARK_INFLAMMATORY_RESPONSE	3.197373752042001	8.058128978248686	5.473401491561133	4.825849245134868	7.469914679137337	6.282130739911924	2.9272275249781368	7.522582819336696	12.476533299446926	7.738144572842845	3.1664035900872656	2.4934325713828818	0.827510874968586	1.2410092325789526	1.1763651412803386	1.1862403268995465	4.1532400992513585	9.104573223893263	2.5415706786444834	3.5702205828839393	5.713547898668281	5.392734095785649	0.7779154210671541	5.51764297327607	7.741160200243996	1.1655509320859034	6.665883157030885	4.750937298242446	6.454707626938763	0.7049590605120573	3.176726971226876	0.783327203946739	2.8088040878459233	2.6709681985837244	5.775847905907021	4.565794230519237	5.201376904750886	1.1728540301774524	5.3044936911488225	7.913900500790011	2.4806186302892024	1.658012536462093	6.561513998747186	8.108300877997275	4.48672538080328	6.089852979754845	10.036920397313164	3.957461134992608	5.092551968726872	1.4403242412055304	2.580386487395258	8.07021000515493	8.328494886483343	5.404210988651386	0.5824645794283069	4.064556520339602	4.9557832505003585	0.8321329880095727	11.441443193429585	3.0393812382360723	3.8821163281281748	7.486236890928405	7.171997891572473	0.39186711442907496	7.748731680286294	1.4484420584820459	3.0896611904635214	3.0125265203482696	2.7775473963152413	0.9918427060798559	3.723997129981192	2.332268636123397	9.811993854052592	6.3579350662545115	3.7767082852221825	4.369393136142873	5.282485679694365	0.09526726300785544	5.417661608288633	10.468871931351796	4.514577618909375	2.5368939557644037	1.7788582381863358	1.4420686670624017	3.7060396322047082	3.0594201211324306	4.941564806421725	3.680827842584169	7.566713361211376	3.8030522551122723	8.435925866302803	3.6262480276936793	2.975476829294321
HALLMARK_XENOBIOTIC_METABOLISM	1.3117910811638018	2.6898157813202466	6.209005650165208	2.3992808473277165	5.843423850043196	2.488655060555977	0.4184937415487317	4.581605238751021	2.1579832193388215	3.471059224471103	3.271418016488467	0.6259480086159077	1.7170705940932567	0.13986276881479287	2.5992190800539112	0.6334608880758061	4.24888454040924	8.96724295935935	0.8466975647078112	4.4405658162605155	4.414847756571982	6.190363369798145	0.5578250343607283	6.6156998988727285	4.367372505413073	1.0197620885429601	6.629209172200275	1.738777357387896	3.6561568122707793	0.8298592837428906	7.730974756658118	0.4144413056334862	5.200550803211172	5.892822622998606	4.991300416197418	2.2958367566498192	2.5768179194987337	1.3503386691575148	4.143568344838267	0.7676704133781731	1.7897564770629464	4.207048060018982	8.673319617444028	2.463381703586916	1.994137897841237	3.3447812379786095	2.7305165159902063	1.9641906432277283	2.857489581912419	4.227774091848646	1.2995219725218967	3.0392968102363636	3.2544697494920984	1.1534553445043354	0.7893805674432215	6.720547040495235	2.33830774829101	5.092635160581638	2.8841448088251216	1.923838992847937	5.270305334609562	2.4543734176743057	0.9696867476170271	0.1623415480204651	4.171922248732882	0.7510272955736584	0.606382064973485	0.39556953043269677	7.127418987017169	0.6993330515339823	1.7326489019232991	4.204891673562407	3.1231074224140354	2.602798673067745	1.2510960085375595	2.7585584408963113	4.049507203479056	0.08247108163596702	6.414356209921467	2.842622578240928	2.869405408059711	4.536251525146794	1.8744004457887666	1.6550321819346694	2.837221044015057	0.9838804641988521	4.502819965665321	1.8874209518742087	5.033002344583518	5.5053026442768305	0.9798777099453415	2.660292596586685	6.428875803227277
HALLMARK_FATTY_ACID_METABOLISM	0.2689126992004726	0.32077714534584584	0.43415326532879706	6.7582303516513464	0.06892163122914312	1.0238648473481435	0.08084426712171161	0.0631547226802171	4.040478474397294	1.842069159206588	6.828310250094702	1.0329992074644754	11.962040628979784	6.2235678849654485	1.845164002249364	3.578085143158406	6.529554640940749	0.3384536864370442	0.2123929154990677	2.714215103954772	0.2545075675546435	0.3489722822711441	1.1994584924222262	5.634019526839214	0.07199185380214615	0.23989261867239767	0.3331862048615568	0.3939327186443381	0.1685190072725405	1.4843734323296154	11.223308681887646	6.1045470454784345	3.533431121360432	13.449500150713067	0.0787741995883171	0.6580473318439753	0.0458564835291997	10.113942800641121	0.08805303266564188	0.2339339188326868	0.10431366938416826	1.3690428418418785	5.456104033530347	0.1293134376876427	3.6577210643279927	0.08387302035567724	0.18541499749348128	0.11087745177764623	0.26454666830985274	0.2322833319920495	0.2551756869189082	1.2857898661305722	0.12373396709774435	0.1171698105578481	6.907558595763234	3.9359407166752165	0.11328410510852878	5.136134946825346	0.7377339046979949	0.09613329609043021	1.3402873103883817	0.1690613635176335	0.16229290268894972	6.7026325324324825	2.1290621370227676	14.709317266528245	6.792492854617892	0.07641535268604402	2.0469134204371318	8.255715145934467	6.9290483048755345	16.55718438338499	0.04406055026067692	0.10585719332345574	0.2906302356347489	0.15226313153098497	2.5410027840803258	6.185073933780412	3.251495228292031	0.6777137211676487	0.404331699365681	3.5030738594207533	0.5883833343592253	11.560781460356054	0.20548113511836869	0.09170847162871722	0.09233239393118717	0.5752696789973671	0.44557715407231335	0.5465711519741533	0.17128195606591098	0.028713063490031894	1.4900275300315837
HALLMARK_OXIDATIVE_PHOSPHORYLATION	0.07922954832633744	4.00962569766003	1.0835769311837053	7.665221715596901	0.24687489055963982	0.43367465935752025	0.765606938193674	0.28936513504774936	14.805367813676664	2.621475520483202	3.9981968977103124	20.822658382369262	23.158607758244884	39.81571367150441	4.514423796336909	6.259404594363519	1.3100746271714292	0.5423470758769228	2.0193301504551657	3.806220843814471	1.5223982368959554	1.1317045490132922	6.415490853397391	1.2872208033576846	0.3625362490085378	0.593765075222414	0.45914305508924036	0.8590138753869698	1.6275067848696039	1.0813321288846944	0.873657926817894	24.507023744636843	6.0858607030621314	15.115198938714684	0.2947481049450104	0.9807810370389692	0.24727378273178374	11.263337997203825	0.40605579310349027	1.132213978589449	0.3946490188134131	1.929086019628866	7.5156155039547095	0.5472783755062368	3.719527813703036	0.47107831949435147	0.4162928916977017	0.06676713276029139	1.032433252517884	0.04044108915929778	2.5186962313922963	1.6551762205292366	0.31695928870889023	0.3759855571946775	10.363535694309434	1.930981763895521	0.3812991772081024	21.04736582819395	0.7863449765694757	0.23847257102047992	0.7107571990517579	0.7601502277235479	0.5703648465372274	54.24878550677914	2.885512288705107	8.727273160530522	22.553833572261503	0.28823032565005696	3.1412838391266096	28.715406868827962	6.6858893942804825	16.369316446583635	0.0921426793317293	0.453520662364063	1.3086852399624327	0.2192417084207988	2.5652640153469943	34.4183218376386	2.644795879169447	0.29467632230474317	1.0409914542454914	4.0502155022009285	0.5241968566659339	25.05469438053804	0.31980940057514506	0.3890014631808233	0.16566717893889435	0.9120613773769984	1.9792473248753057	0.9583700633119552	0.11333960521307	0.40319429372267795	0.8260150530807326
HALLMARK_GLYCOLYSIS	0.5843170163597001	0.6754684700665093	0.4303846872511487	2.9901650126865573	0.4022604992630987	1.7611505609507407	0.12991038542604522	0.2066296117708264	0.8513182902631473	1.9247670038035256	2.9861027823035564	0.3643367527295831	2.238989783965837	1.026100794783149	0.2115535732133995	3.34807219664644	1.4194548768260122	0.25561758962452386	0.4189091880574287	1.4045259658011744	0.2453912495585765	0.35895798972828197	0.6725641619653215	2.5297341311796115	0.5283919237750899	0.3397446263314747	0.5051628180900278	0.31925718771693645	0.3221902544822814	2.3080686898804466	4.062218911171887	1.1125622106491229	0.9729920913805651	3.2560035893618458	0.3732506461750574	1.3223305035330601	0.2966290845763162	2.624809006356654	0.2346169945787349	0.4041883501672035	0.5953670853348245	0.5012534300476925	2.527581477713574	0.21389414866231912	1.8110031938389752	0.2881050997791587	0.063778515082085	0.8455440179673485	0.07058859518349227	0.44507350365677417	0.4647726502763174	1.0797012454427268	0.2985008166781207	0.23376192346519373	2.214747595512055	3.0722177152467194	0.838161163284428	0.5812770163908537	0.28078599050571007	0.6981379545991667	0.7837721389830141	0.3796613133002988	0.8807519236768153	0.4720582098751723	3.8221059054226116	2.074767154093179	0.9775935517297024	1.3874508235688336	0.841366096752854	1.4632121866143533	3.4428057166516934	4.893810085415059	0.5590109494959014	0.2756145315982286	0.8979952829011169	0.37470550708022715	0.5827880755199719	0.5436993293301974	1.3073631247782198	1.0381173342607972	1.2908859112307312	1.891123939994288	0.44900879813593586	2.2363518314692015	0.39743271717448264	0.1722306641920459	1.2525430811704459	0.45564011103461777	0.26865144818519926	1.047905536684444	0.3631836411603139	1.0409324633842687	0.8811256054259792
HALLMARK_REACTIVE_OXIGEN_SPECIES_PATHWAY	0.25323227622483	0.24276298421419526	0.8968734304004973	1.1294252681283488	0.06931460052510226	2.1210929837023427	0.11047797968970835	0.038239763359677985	0.27904878019366713	1.4878507449458376	4.222469247627803	0.3133771505290745	0.6856773641967842	2.0663445294245917	0.048130489627479615	4.397585718973714	0.35768829321609696	1.5590162249286328	0.04108147751358073	3.71245805322284	0.020616602622873827	0.4638547770824951	0.047570614583091725	8.119769932901962	0.16833672101776515	0.13578787001905035	0.8546770868890987	0.33332537223678693	0.11366966083458858	0.04393093021839129	3.1520774396432607	2.210526790250117	3.8925404913382846	6.344457109155865	0.07019805029230512	0.529683584838387	0.15478928043854853	6.735727661442076	0.051751600595742665	0.016540781375922145	0.39093448139487363	1.8064000625064844	6.043462823716261	0.3029332782104306	5.304085604832354	0.18527628182258143	0.28632512956698103	1.1039744474264093	0.471002348382856	0.7947093157231769	0.41690997641230604	0.07799875577337248	0.2033149914195883	0.020920263309153433	1.6624007156285976	2.9995999785653873	0.0661765353619082	6.078826333103935	0.7052374293396717	0.34728525735519833	5.542492874167893	0.06898030063896611	0.08978669690530833	1.685014012775684	1.3752018831759183	0.7285070180078447	2.3284292378935345	0.02492379398475906	4.865063622426465	1.0705732591525585	3.809937753818409	5.91068122372184	0.49980697184315775	0.12275922600375194	0.08610815846274121	0.8928201428653484	4.408147288289568	0.7178778715573304	3.360308732559187	0.46257495732664283	0.14499013949664408	0.44198453994868925	0.11366006872988745	2.9467891895738934	1.02973082379965	0.01635899273725907	0.22250977588345902	0.1494614788854376	0.5917040116212021	0.47991798835583654	0.323082300737697	0.03725143084921726	3.597274210377701
HALLMARK_P53_PATHWAY	0.9560052881100063	1.1969558063061907	2.2314701392666043	1.7362815168777028	1.2985232582798456	1.050417150520704	0.529205618219427	0.7289654807864785	2.2317062142432347	2.709672889832148	3.6721732416590838	0.616419540462449	0.28459820968232963	0.19887653240070688	0.3543420524393017	0.5274847059567832	1.6853675060219988	3.1547887383963777	0.18410964265115223	1.1902090772755587	0.3761594057586548	1.4362591683188308	1.3377044452530835	4.23372272910182	2.431932574869951	1.0871415396494473	1.46710063895038	0.7030353045362081	0.5143221167142821	5.414825045778239	3.063722246557728	0.7562063629215875	1.2987888137965864	1.5339317327835251	0.5174756253675932	3.467412239139264	0.4339110680714904	2.3473325524357724	1.0025531261052187	1.8780640771009185	0.390462553613205	0.4682243660340024	4.089241616555696	1.5564349247061466	2.3289857773221883	1.4198717452212348	2.438305672008427	0.6525350547073246	0.22945668984205211	1.9066390593289895	0.6827499712113918	0.8242319788685624	1.1146169894120168	1.1085519818479665	0.5945729281658193	2.0113623820782327	1.3215044716913575	0.2498893885205921	5.402605540924441	0.9681218580536197	0.5240118171896513	0.9521342387880081	1.5565402302510654	0.17488053817393603	0.8877124035706884	1.0350835855397291	0.9992069923588113	1.4466020767128924	0.5248680337829155	0.3398697608645655	2.5273978160286887	2.288319837597613	1.5224486724239374	0.9277087688271257	2.9307783128788705	1.3430900347590395	3.5268568889102663	0.09640834714682929	2.3208866402275334	1.667025772341411	1.807852220029758	1.2101069323082445	1.2411948287884964	0.4212742369175744	5.390137180168301	0.5010731196580809	3.0243424860382855	0.16539174415021954	0.7694274501037867	1.621712032510256	0.9491794926541464	0.5457932892714572	1.90927119380145
HALLMARK_UV_RESPONSE_UP	0.11019481711218479	0.5326941672212661	0.2752389165853539	0.08324616666086845	0.083278519052631	0.6467206438390007	0.3128522660268036	0.12221838645502557	0.08228741760243903	0.25056060934173635	0.9878133756449833	1.2149088646055834	1.2804475292763375	0.7887928153002951	0.12661061540196608	2.0571496636877007	0.29395823671987964	0.4932647102358753	0.21603711337443535	1.7481115309827144	0.0910538061039035	0.05709688098458944	0.13255224065178114	0.2165283338250503	0.20158880458815528	0.7707072386942199	0.3025526489127925	0.16259267008398487	0.1447499100398546	0.23293477797399498	0.45583059434420053	2.2014317156491345	2.037881879265556	1.0777549930454857	0.21134817925754704	0.06410205312711069	0.16750145921398724	0.8839636464482626	0.1366067585681238	0.1827148881994695	0.1221816600520735	0.5546838287532296	0.6283998462147062	0.10477036352840706	0.347217242426932	0.15739306499547875	0.1597747120992543	0.2098163309444357	0.294231861225626	0.16346578738133805	0.04493340448959132	0.34017168084097965	0.061846148419500674	0.05271922418251839	1.078976588605935	0.3106929499334002	0.1254038924257947	1.8806008887921153	0.6259025406334133	0.1586905503662237	0.5413565686461379	0.087557504176013	0.11370529335812359	1.1153920304870821	0.9885584377386362	0.3726248930150882	0.9489221587034619	0.12130484867750578	1.2980835208666393	0.3281964232357775	0.404123421319412	0.23690223455054443	0.14128014608883194	0.09902090341206991	0.12381826093901699	0.21825645740113014	0.47447127040686793	2.003526442310617	0.8714837795792796	0.0714286841029997	0.06282792118721273	0.10695086596157675	0.197465371090573	0.9756792319832889	0.8372090720766369	0.09999006138473941	0.13079344303077814	0.1543897220860401	0.9214612562274072	0.28321816285874984	0.12782698747380292	0.23504910071591967	1.174931283730695
HALLMARK_UV_RESPONSE_DN	0.8238570115904523	0.16632344665674553	0.9543175794881196	0.7681693324355433	2.17248114918999	0.5661068552197315	0.14111388686563467	0.18961232394871802	4.493068696374576	1.0913297578715815	0.5544092209526275	1.9484944433130496	0.4145848824700638	1.8253313213682407	1.2428487703470412	1.747796878406822	0.15743161120712879	1.0918939589011796	0.41403277832535235	1.6982035955360912	1.0558196170944971	1.0303460437960033	3.333891987729507	3.002323284826231	0.9462485465418217	0.7087956999564603	1.169455959243731	0.9514328432102239	0.8444572957525449	0.50576568557324	1.9036387115555309	1.425505807902033	0.6095429451293944	1.2244569187591896	0.24920886171406836	1.024373344188106	0.06736862352907805	0.9021917104953039	0.13981939713672162	0.7883060751916681	0.5426136545602792	2.519690597958174	2.5367692229566274	0.879413294012403	1.3700401181414934	1.1921572453931475	0.29765760422330223	2.63151249156534	0.1963082527888667	2.037030236765349	1.3786100848047227	0.9746962493017283	0.6346570682138958	0.3625076036582173	1.6400695984620288	0.8592004426849423	1.1817465563705467	0.339013701846397	0.7965516920520784	2.7516463839040406	3.484800921341923	2.398869629986259	0.24937993329700225	1.4624958443655947	0.7411861595220708	1.1631398630500145	2.805719113082788	0.1059886705535055	2.392337570124408	1.782218102002097	2.3492156212784376	1.362893762753991	0.4897451096597863	0.6947736365367668	1.8798161247928626	0.41925450429647115	1.898843071563758	1.5312104296429718	1.692534431743126	2.153172521819962	0.9618893727378458	0.9153353334674692	0.24320517272337547	0.06534317314595407	0.4584723358449127	0.7971839401925144	1.7686427385623813	0.4456868041496289	0.5444014339077629	0.9300616921711105	2.101880790289223	0.3685730010199618	0.6866203836666118
HALLMARK_ANGIOGENESIS	0.3381111372387698	5.1332597345427855	1.2687266857401531	0.30673893686834414	3.62525802152526	0.28037446519018233	1.4593527713133359	2.9327631901909244	3.0005875683774654	0.6420664126069511	0.3436006125101849	1.179725397790047	0.12860249194696763	0.04169888460029044	0.6703496376733151	0.015281081932284661	0.40892239549527504	2.536057327727117	0.8713994422536467	0.181161357177795	2.648705036912873	3.2445876009112844	0.2738428265315106	0.5562929192883254	3.017413245121419	2.837640893117853	1.8485647008625326	0.2593201608236707	7.5547504404371795	0.01823516240715206	0.6628060366523594	0.014157606095466992	0.006082078396321656	0.0642625257415438	5.44473932609636	0.7016783581092871	8.476416851157783	0.027572411708746608	1.6312482671615895	0.48108127674111495	3.7020742418530412	0.35330090225803934	0.8656681118408428	0.8587135108826118	0.18514928392204902	2.0575632246352695	1.3025663507187875	2.8442156072898577	4.4172777753013595	5.310772027058618	0.8064561906863762	5.010676331733391	8.933571743362887	0.662107665029516	0.009960615965601235	0.12202056413366533	1.7039184478020317	0.09891976044062156	0.4707727600200802	4.529829887479533	0.2680703185446575	2.695830727217139	0.8005043019383553	0.001132676712987178	7.082882079660425	0.0122252855264022	0.004412374769680328	0.7872814004500979	1.8542078168475133	0.14426455199944338	0.012911538925339455	0.04176895213870844	3.715479562274917	1.4341858483275338	2.1300305543436897	0.3112660421360742	1.509861374592108	0.0030014063895830293	3.2727140661118703	0.6219799828790075	1.6205654637347808	2.022288615549694	0.5947697840683692	0.01087495562204599	1.2881382492576898	1.4547323627329174	7.100239809112696	1.7561490412620508	6.307437960088695	1.4054105678986963	0.8004379609191856	4.80896001341195	0.22989634267283127
HALLMARK_HEME_METABOLISM	0.061815725923314184	0.5508301270940796	3.603248811253066	1.891407815959645	0.09977281282868546	0.5302308266477049	2.9409671808304547	0.859211053080996	2.101711646821899	2.721860841802288	1.6953601973313523	6.016242393579372	0.8608684732287416	2.803291182895715	0.4779035532595965	3.488326986198263	1.7478203338410652	6.889299878388577	2.387412026461541	11.719978693001151	0.11940174400744134	3.000205401129146	0.20332912765756794	5.408862572838143	0.5595525841049506	3.1748281450998377	4.929009747262962	0.17028348063176646	9.671286822196832	0.2038462437424245	2.435452498461658	1.2136177099242864	3.3764612540850485	7.603794797089767	1.8097546819524573	1.555548473240891	3.869525086405625	0.9430914759120691	0.11326804473390262	0.09901602163097947	1.8062506722228588	4.282829656499691	7.213261776328531	0.1505984552142053	0.9010110084540063	0.08926759584178691	4.478726765843952	0.5505996353835987	6.910794188677551	6.400816511178895	0.02639214658294259	0.17607806009152985	1.6834729151779875	0.04696252047917118	2.9526374898784247	0.32310406362745114	0.3377583575886313	18.634943591854583	4.4451877915399205	0.258694069087673	16.067807776464072	0.9778697393433026	0.14391277662821558	1.426517236737176	3.8223362649248505	0.832397099976373	1.4206266578182525	3.3142760003641953	12.87181203698589	0.9401280281731866	0.9251828292472067	2.8324966149559807	0.37538771307538843	0.048791901399949655	4.378007063948786	0.3763774802359445	10.502101611834043	1.6984259402735038	1.6076129852987884	0.08326970690399521	5.499449705809373	3.613601284407736	0.3493645884924815	7.360258456247161	1.123118697572107	0.17125700568598867	1.6074295689861868	0.14477555228051742	5.199041502122663	1.836592346865634	0.04862416227170671	0.10984291169706076	1.6819424204915332
HALLMARK_COAGULATION	5.564334772675946	12.351833582161822	11.287039418175564	0.20170104986950857	15.29372950232849	0.5857224955708736	0.4014587767613422	29.010150613110604	1.4322550751542755	9.721407229103619	0.5831463979168751	2.2457452630595975	0.07686007907134862	0.10417916595933105	0.025822124891886566	0.736493367036718	0.306118228395237	28.34211581927612	0.13564047222265965	10.912437279774323	10.933204868249131	18.28096621979472	0.045575073455369305	1.3068508980371083	23.78940296382311	1.1003588458724225	27.274380090512793	4.927001318593791	34.96153655651442	0.05921516380432643	1.4216973355972846	0.05598753087604644	8.184512073341153	0.9479463161802065	32.172260431521096	0.28889241178998976	23.742930225323732	0.1653249956448547	13.688482309651441	2.8553229239053706	15.378264397128907	7.529247749674181	3.13061769801633	3.835050213030009	0.05116568473970462	27.16822921680455	11.088953354094222	12.889481257124327	27.109506142088872	10.444390473859238	3.45141913761976	13.07920603247653	22.01513341004093	0.562072140545267	0.41386656639632247	0.3015483399044875	8.210474169639694	9.631906718160739	0.2596668438263643	7.988400376925634	11.10370403824111	20.153641216567895	0.6186384671113865	0.005840914827166945	29.793571970793913	0.21765135826871315	0.052638028110364395	3.1334511675637184	23.55037314528376	0.08932602798439754	0.4621632200208521	0.19646952754842928	11.491043286094095	7.062995738586572	0.4602953628375726	6.869402502210084	2.5518502586587566	0.0168005902146048	17.66615180307833	6.533904779806279	7.762507554400988	20.650970146272197	0.3810312078131062	0.40383205165780567	6.352608122087273	1.1424132032603644	18.286473603368943	7.351693473019426	31.15523006974484	19.380977479693655	8.220529692548931	32.26005649749952	7.728818397585254
HALLMARK_IL2_STAT5_SIGNALING	1.5930687911934338	1.4617405241265644	3.109267209204425	3.278446083061314	3.7536037570880993	5.4205083535039424	0.9672403837687935	1.0693391260195368	5.342612710852695	3.749757881067401	3.000680530136165	1.4505044058116845	0.8513370421912002	0.9997092702223936	0.46551141826959697	2.778889770626269	1.935201037327636	5.390598193855319	0.25193314006625656	2.304299745452805	1.8628765322020673	2.99335447158333	1.148144994865512	4.685826251077124	4.073287815931612	1.2440354796872055	3.594231123926002	2.0096154516187155	3.405046102754123	1.1840413431250165	2.009744453904035	0.7839044820876474	3.7131386447052477	5.117781514947278	1.6708569267253004	1.7126655902924657	1.2639376108209588	2.791573937661395	1.6869878072349302	1.1143969934853548	3.0015146058705526	4.148657517006138	3.5772580610239184	2.5587826536009586	2.950263444145959	2.432677618301184	3.1075117304732918	2.116663699457274	1.4357909267902471	3.505175420515046	1.3697433708979414	2.2808091384828826	2.102197366940397	1.9666344176329082	2.5662814230731126	2.3684568836038444	2.253319100567676	2.102192032995131	3.4839497769818535	2.991452238191019	2.0889460991709696	3.9871145815780618	2.2444221993374316	0.2761192475826128	4.544780483698673	1.9133310437967475	1.9871660873485242	1.342695490309586	3.706848634760747	0.8171166676388201	3.2107913129903225	1.804855680356035	3.075566031862601	2.745683194458283	2.5911485957894023	2.2536290633951532	3.0248170052661516	0.25793927529631483	5.429182231896363	5.76713024486947	4.161596153369604	1.209158552815259	2.044290238021452	0.6488274201349755	4.758323383523577	1.256916478472583	4.18479742731085	1.3237766207104074	2.612765939583048	4.255898059749506	4.855890415950909	1.0866438047444444	3.102839205721723
HALLMARK_BILE_ACID_METABOLISM	1.0556988318574285	1.1863520384656605	3.1140967834419446	2.1724827078241082	1.4620402445035563	0.7628654541554949	0.6142799637806671	2.714106822658014	1.8769358157914457	1.8781405861599005	3.94805737587773	0.5273095535836186	1.5146753042006802	0.27531140199693926	1.1243990341315373	0.9590494453803434	5.403211977037805	7.0387218760892525	1.8199852773842324	2.987864531727977	1.9565053071716823	2.985135980749181	0.4809139600149004	4.1284483437331945	1.5673584304164083	1.7702846518465574	4.451861239879217	1.0232588605221735	1.2376477699147364	1.2547999070237243	4.018750081620044	0.9268060114013079	2.7404043190043015	4.562638449091647	2.3025735997689716	3.906221556047076	1.0679406733854668	2.4174543597071354	1.6530410578592842	0.6498711803297099	2.2734937190571824	1.3758170951134214	4.001638552936419	1.30251488650292	2.0408376550576337	1.061175335445763	4.1241342911813526	0.8062850335423281	1.686121059467548	1.503143822469002	1.2486892288038691	3.307289054717382	1.3265243508409608	2.0018222010952034	1.0371597276714133	2.632923245107908	1.1682540446408698	4.644344217429072	2.864949026317992	1.145681926220003	4.390557596970747	2.71946669528853	1.3426183869019683	0.26541929037626333	3.6551644915187493	5.623774829795711	0.7563810972346813	0.26157229851571295	4.760472901573631	0.6519923719681873	2.0048227673600514	4.036296376572745	0.35468422980148273	1.8706983564552147	1.2708831050487024	1.4509298521578882	3.0308755667998826	0.0944800854555821	6.453613002461816	2.030128043729181	3.79847402874126	4.291035897412077	1.4561822542996712	1.6198119489682754	1.7453335664591365	0.4078715090378838	1.3011473139219136	1.8094768680414925	2.388662801057334	3.2741474790657255	0.8078000557893997	1.2452443704090215	3.0475582291015986
HALLMARK_PEROXISOME	0.168265462709669	0.6613789395848636	0.42718488643530067	1.6960833227186518	0.3352367818102421	0.2944051631378351	0.24461925336695242	0.6004134900153237	1.4190135027114845	1.2320479457348723	2.706999301187631	0.4675115007629334	2.5807684388509116	0.7154188320042384	0.5943653385343275	1.4588523977419423	2.187829915129008	0.9293031366294078	0.5031209434746357	0.8953775976145243	0.8988113796738404	0.5036877503373361	0.7917638030966404	1.2146352926488937	1.0012102811050476	0.46147321125667395	1.7298802149926442	0.48044068882568414	0.502836963235592	0.7339002198718503	1.470998638977014	0.7091151959136635	1.509815258673873	2.1497476394196213	0.7199726824711805	0.5393668683009154	0.31047751811625324	1.5317558376001013	0.38964797569744514	0.1355859897216385	0.548160256532001	0.5969806851883277	1.420722749454765	0.31568289550990236	1.5761074583287726	0.39691381048439783	1.5011643158597474	0.20582222338947173	2.683709674031835	0.5325543127701958	0.5713714658782992	1.3390027529062372	0.3968150160264792	0.48255742223282233	0.8772808206929301	1.0685648963114183	0.4930884813423118	1.631484548055828	1.565078381993258	0.6089978159899233	1.1393873840226907	0.6483627400844805	0.93586486998718	0.5978144573016313	2.421270393638702	3.075653437943172	0.8631916822333011	0.0700508382011654	1.6282138890844031	0.42723296369679864	0.7126889004845025	2.8476455274016383	0.1342997223391257	0.9929212582318815	0.32258200593445213	0.28792636128664933	1.0301519922402878	0.4116316641515001	2.6123823046751418	0.49389038632371884	1.3809422412849726	1.1020745117330717	1.103071376073454	1.1495788696407079	1.690926032998687	0.1193485485757921	0.35037174541342947	1.566031613294371	1.2133958348021814	1.1421825027178512	0.2197816877081389	0.4461761011997111	1.1104661187115363
HALLMARK_ALLOGRAFT_REJECTION	3.192986342761993	6.129539898966268	2.8907977448153153	1.204059596341707	3.2096295015213743	11.999972574701703	2.1449474295465247	5.671127500370915	3.028436572031007	5.626754483170077	4.184058875778185	1.7302105697231842	0.06092306995728967	0.49993956438185394	0.07664454014180132	0.8597545884710742	1.5047270857616453	6.2592882398974385	0.47989327174991253	1.1511646970902323	1.3313209060317044	3.022963075210181	0.3141942103232327	2.838888697153416	6.527555183515023	2.3904436000186395	7.421336774388631	1.5023891972983014	8.331064618673206	0.15703236862727207	0.46391388912399417	0.14018144867918333	1.776343286070811	0.8528422353267902	4.299071218236368	1.2022583762370576	8.524845957044347	0.17175372277449463	5.3589801396080015	3.4102759325020795	1.5089665613957826	0.706903825986674	1.3081801051564916	5.365048117276143	2.330862770054978	3.524763357667502	5.519834025186797	3.6076226901947255	4.870967560293737	4.875293624256802	2.227546690230162	4.7346684260398195	9.234213072478175	2.4487050145280485	0.057300406527509666	1.2199547997009788	3.5920403690443443	1.1023975959101344	10.389675685515927	4.635625796620673	2.446067460188643	3.109318761283814	6.412746087668756	0.06900526475639944	9.817717164882072	0.05145011173719288	1.1616119538378356	7.659828164513567	1.7212152545938115	0.0340436504666112	0.48400362828716564	0.18529338929310213	7.949740471948818	5.131665432217403	3.261040727431956	3.8567489321630952	2.5130722534967354	0.13241457580496002	3.397869385519329	5.078389415945337	1.2785716287347375	1.7860218827400314	1.917604559080786	4.52844771197363	7.081008662070823	0.747256476023475	2.4167462607660894	8.566129202323346	7.05107421938178	4.036402592910798	8.510760895943992	4.005731821518389	5.083411707505802
HALLMARK_SPERMATOGENESIS	0.19616878673751378	0.1251839435741247	0.6777769220421884	0.8379513146822511	0.27330910768686917	1.190597789300633	0.05156462373723447	0.12099164953076923	0.03792696947027112	0.21018530130714996	0.4801902441339807	0.7709181326273488	2.411929805377535	2.7475171786580512	0.4021682706420194	1.9121517088435647	0.11510651097195433	0.24884069653021365	0.39881215834004824	1.538372429406591	0.13138597747019526	0.1290990830538257	0.10576358262322776	0.34406688972118377	0.13232403798086687	0.04622037529993621	0.31650951786480624	0.3333604712719753	0.21118191089241392	0.9167593435778341	0.4106249099289757	1.9184499525957985	2.505625844161981	2.0893012905301536	0.3117646443868288	0.4652855446500275	0.08567534426202968	2.9182119510728013	0.08498233485112341	0.5270467415939736	0.41859560109654786	2.6088157504717673	0.5767218478092999	0.2738310800407812	0.6178005874804915	0.13540562439037093	0.4871987190794671	0.15947794498529347	0.7138082098004619	0.322400423086281	0.5388320146681	0.07449203244069003	0.1539767504160378	0.2640774731985916	1.977842974575892	0.7975206608935441	0.2684634824492456	2.9211209769893536	0.16013463960059274	0.024083305468948314	1.8076074792269483	0.25752953644999244	0.24293303550500708	2.2394720514649302	0.33025147591782145	1.031592473795815	1.345358488119315	0.337288855913012	1.8683811243895698	1.7592410418082223	1.520972492764465	1.1127029994789175	0.10270271314762487	0.14567820928545858	0.2385100107508119	0.1211683049645301	0.856790354266917	3.247559264866392	0.9533613190761319	0.2699968249302686	0.19454994012335566	0.20104582770119023	0.23726525340411586	0.2874066986152511	0.05349173183939154	0.16828144033604325	0.23549492988789605	0.0667363732386789	0.7467050275528466	0.19563521969609643	0.2232322334900504	0.27396387007853823	0.31687100070842994
HALLMARK_KRAS_SIGNALING_UP	0.5770143454674008	2.8373754869882	2.9291568376633714	0.4318014627993707	1.9102183796381234	1.461336044007271	2.0177528533537	2.303270210707401	2.1251363610194027	1.4960124569002817	0.2629345748030441	4.256972750972936	0.5771435248090824	0.41649796229927827	0.667176620692078	0.6570256860180079	1.727799489229339	7.488683596706816	0.6547716109631659	0.9708047414432602	0.5456126540847026	1.852974910948061	0.8249964744781892	2.5763264249527182	3.6100883397510573	0.925232015948864	3.364852821846874	1.1564163128268328	6.342924370660947	0.006353778251733804	0.3284576838297812	0.22601440555805913	1.2763447506005452	0.6672628855290071	2.967074464127998	0.9794934941447122	7.249722363316759	0.15180987327233927	1.7287186402343948	1.432565532253967	3.4006075092487253	1.2076726483870321	1.3714536674895168	2.1909341376171723	0.13850289998083448	2.924731218127664	4.118402454270738	1.8862743181083756	6.446756194985198	4.784859269078995	1.1499968380065453	1.0128707362976135	3.8920695904024734	0.5013561103223091	0.23700187648121643	0.17284509562385583	1.7690716384294043	1.9814774078941464	2.772569887285085	3.008432422675549	2.6383196393814448	2.8721810064679194	1.2940401302221964	0.1498489192052173	3.353554140732867	0.2889458513854264	0.6055845539307776	0.6375630834080278	5.0049513810349024	0.30536401940944397	0.3927216296619737	0.18386188686190838	3.793321784334337	1.696935264490101	2.1133779784112856	1.034778395239649	1.7740721288464345	0.46138111935836396	5.274004933241618	0.561666843768559	1.4169308963675695	1.1832941488892326	0.599251035766371	0.318852157681998	2.54920356563926	0.3558074572476794	3.5849253761394086	0.9644212287252315	4.384015780850254	1.2234760215950085	2.0174619449639386	2.502312380767835	1.2710710083543955
HALLMARK_KRAS_SIGNALING_DN	1.2002780231929975	0.21964263604482748	0.5971451571354338	0.6738480573137305	0.7643021828567029	0.46308907571389485	0.05658832707479303	1.1859189186096661	0.040959122813278584	0.4059061789971601	0.15718962117857832	1.4269459571301057	0.7469918414103942	1.6492971172484143	0.32057019118628144	1.0036851528011774	0.5054705167446284	0.750416150906378	0.533393301699452	4.093026786426119	0.3912610829615834	2.302492317798634	0.16805537699763265	0.18218134426139154	0.8048103155861122	0.3334514748919138	0.6282014615870062	1.5426387150061045	0.2943135957307794	1.1115482915198944	0.612084716618973	1.5448896730603963	1.252179689923524	1.0429641100314284	0.24448237183174903	0.9641708543920231	0.1984748723272789	1.5076655218390498	0.9456918328704772	0.16719683561368434	0.32511411442571714	2.6969278008630315	0.16599215307311782	0.09826054685302131	1.0802759868478047	1.080175588739133	0.17813645083745552	0.6895009741596648	0.946857855233421	0.5036917001722393	1.0479631934301978	0.43012540405452027	0.6454162047873456	0.4119766873282028	0.3500123628610708	1.0710190944313631	1.006080352838866	2.175916879366295	0.17790921428666565	0.13598995620421925	2.028335333316248	0.8227229521292022	0.07449762084129097	0.967825702033034	0.6171091089424795	0.7819099239572072	1.6459264580191504	0.8510104519813027	1.6102688801944398	0.9086337746983291	0.6321173039251478	0.7015089583271424	0.5074300276566386	0.3613900707176803	0.025056036252558186	0.43620905623471934	0.13384030079473924	1.2475678075895442	0.8936533306215085	0.5425531455606547	1.44589831608652	0.9458900824183236	0.5712292781784712	0.23273318091173514	0.2841860425209166	0.4421394522084835	0.4712624740203885	0.2084305745850066	0.7991035534907822	1.1778462227485353	0.7133184862230513	0.9719065386901996	1.7392865455108952
HALLMARK_PANCREAS_BETA_CELLS	0.09369458093615646	0.5939196751065682	0.20895820040007884	0.1956088889012616	0.126217352199009	0.2247637069716819	0.4681866630809421	0.3633058764485676	0.35447224554266066	0.4743445806332731	0.1112462374579307	1.0513631714913452	0.4955103772962936	0.4545212654885914	0.38352569043614154	0.7548806760330068	0.07775328841231277	0.35503355236031503	1.2456903354712618	0.4567710130906224	0.43712463932491236	0.16545869640765276	0.6934085776792515	0.055175879114464345	0.28600186941286654	0.6465907380245803	0.39166006623918437	0.14700454837377683	0.3570688343976919	0.3150540951560804	0.1373580551749653	0.8522854534916493	0.16610447606386342	0.14494717563694656	0.3320278530479354	0.21715843895457973	0.836075460005196	0.12254392355375363	0.29654956390013276	0.2903571399478955	0.322176542270904	0.44207630141853005	0.2986284301053027	0.3352576807351422	0.11409037709942202	0.38592908910594026	0.4237260010513766	0.20351357626767516	0.3213315764107109	0.1359455537636002	0.10293052302907855	0.5098251547313389	0.2515948472053786	0.14162446613461008	0.555326406832065	0.08772130070917317	0.33245565795023485	0.7562134178035924	0.09862092691263931	0.06742040644592255	0.3526238098442949	0.20275998358092745	0.4101675775475184	0.6181601221918652	0.2128408931310007	0.31768013312932464	0.600865249517262	0.5222347797031379	0.21189956756698566	0.20709932899630107	0.12486039732542266	0.06261894365330375	0.1665994551012711	0.16072726297104217	1.2239252163231669	0.07975954326312874	0.12923538730475814	1.5365933188990775	0.10477938448065625	0.09246776015891615	0.37717756662972635	0.08935917602103875	0.3514036106012579	0.2948776557950108	0.11745686416010866	0.6340670167071155	0.13009697239527865	0.6739975972215771	0.19740660640356142	0.21368843431174803	0.06776344429941573	0.5969025813296932	0.207606272514275
